title,dicprice,review,link
저당 오늘은 현미 주먹밥 5종,4950,4272,https://dshop.dietshin.com/goods/view.asp?g=13748
[1+1] 닭신 오븐구이 닭안심살 4종,2900,472,https://dshop.dietshin.com/goods/view.asp?g=13842
[무료배송] 다신현미밥상 다이어트 도시락,39800,15306,https://dshop.dietshin.com/goods/view.asp?g=12874
[닭신] 닭가슴살 전제품 1+1+1 골라담기,3900,8350,https://dshop.dietshin.com/goods/view.asp?g=13586
한스푼 샐러드 도시락 11종,22900,23355,https://dshop.dietshin.com/goods/view.asp?g=12286
든든한 한끼 오늘은 현미밥 9종,1900,17461,https://dshop.dietshin.com/goods/view.asp?g=12782
[무료배송] 완벽한 한끼 식단 다신밥상,23500,25494,https://dshop.dietshin.com/goods/view.asp?g=12486
[1+1] 닭신 오븐구이 닭가슴살 4종,2900,50,https://dshop.dietshin.com/goods/view.asp?g=13847
[1+1] 성수동905 치킨&족발 골라담기,6400,20586,https://dshop.dietshin.com/goods/view.asp?g=13517
통밀당 시카고씬피자 3종,2500,1132,https://dshop.dietshin.com/goods/view.asp?g=13818
든든한 다신한상 도시락,30900,655,https://dshop.dietshin.com/goods/view.asp?g=13784
[4주 정기구독] 한스푼 샐러드 도시락 한달 패키지,95000,4399,https://dshop.dietshin.com/goods/view.asp?g=12433
더 가벼운 리셋 도시락,18500,3176,https://dshop.dietshin.com/goods/view.asp?g=13283
초코할시간 프로틴 초코볼,8750,138,https://dshop.dietshin.com/goods/view.asp?g=13845
성수동제빵소 두부 베이글 2종,2250,1783,https://dshop.dietshin.com/goods/view.asp?g=13720
곤약 현미 떡볶이 2종,3200,19938,https://dshop.dietshin.com/goods/view.asp?g=12776
아임웰 간편 한끼 닭가슴살 브리또 4종,3700,2320,https://dshop.dietshin.com/goods/view.asp?g=12465
하루 한끼 샐러드 (무료배송),12000,13446,https://dshop.dietshin.com/goods/view.asp?g=11295
고단백 곡물쉐이크 단백한끼,2300,10803,https://dshop.dietshin.com/goods/view.asp?g=12076
곤약즉석밥 밥이곤약 2종,2000,13275,https://dshop.dietshin.com/goods/view.asp?g=12140
통밀당 단백칩 9종,2000,25964,https://dshop.dietshin.com/goods/view.asp?g=12463
[4주 정기구독] 하루 한끼 샐러드 한달 패키지,48000,1579,https://dshop.dietshin.com/goods/view.asp?g=13271
한식양식중식 다신곤약밥상 도시락,39800,1401,https://dshop.dietshin.com/goods/view.asp?g=13481
6kcal 배부른 젤리 배불리,9900,39171,https://dshop.dietshin.com/goods/view.asp?g=11379
성수동 스무디 클렌즈,27100,8720,https://dshop.dietshin.com/goods/view.asp?g=12155
단백한줄 곤약김밥 3종,3800,904,https://dshop.dietshin.com/goods/view.asp?g=13687
성수동905 통등심카츠&통치즈카츠,3150,781,https://dshop.dietshin.com/goods/view.asp?g=13768
곤약현미떡 7종,3600,8327,https://dshop.dietshin.com/goods/view.asp?g=12798
노밀가루면 저칼로리 곤약이면 3종,3200,27315,https://dshop.dietshin.com/goods/view.asp?g=12189
성수동제빵소 두부스콘 2종,2500,2877,https://dshop.dietshin.com/goods/view.asp?g=13611
성수동제빵소 소이크로플,2800,316,https://dshop.dietshin.com/goods/view.asp?g=13834
통밀당 곤약라면,2500,3545,https://dshop.dietshin.com/goods/view.asp?g=13310
[허닭] 닭가슴살 23종 전제품 1+1 골라담기,2500,626,https://dshop.dietshin.com/goods/view.asp?g=13782
[2+1] 오늘은 소고기볼,6000,722,https://dshop.dietshin.com/goods/view.asp?g=13260
성수동905 저당 돼지양념구이,4950,627,https://dshop.dietshin.com/goods/view.asp?g=13734
가벼운 곤약팝콘 3종,1300,4275,https://dshop.dietshin.com/goods/view.asp?g=13324
고단백 통곡물바 단백할시간 2종,13300,20105,https://dshop.dietshin.com/goods/view.asp?g=11419
[무료배송] 더 가벼운 리셋 도시락,18500,3176,https://dshop.dietshin.com/goods/view.asp?g=13683
(예약 배송)천연발효빵 통밀당 10종,2500,37306,https://dshop.dietshin.com/goods/view.asp?g=11134
[1+1] 호박에 빠지다 콜라겐 젤리,14900,974,https://dshop.dietshin.com/goods/view.asp?g=13255
성수동905 순살족발,5900,1499,https://dshop.dietshin.com/goods/view.asp?g=13620
미주라 건강간식 9종,2300,25035,https://dshop.dietshin.com/goods/view.asp?g=11076
귀리 시리얼 오그래퐁 2종,1500,121,https://dshop.dietshin.com/goods/view.asp?g=13838
성수동905 어니언 크림치킨,3800,282,https://dshop.dietshin.com/goods/view.asp?g=13837
아임닭 모짜렐라 고구마 핫도그,2200,1234,https://dshop.dietshin.com/goods/view.asp?g=13401
성수동905 순살양념치킨,3500,4832,https://dshop.dietshin.com/goods/view.asp?g=13225
3day 절식 클렌즈 플랜,34800,147,https://dshop.dietshin.com/goods/view.asp?g=13417
닭신 닭가슴살 어묵바 2종,1500,5221,https://dshop.dietshin.com/goods/view.asp?g=12801
수제 통밀당 초코파이,12150,8574,https://dshop.dietshin.com/goods/view.asp?g=13682
통밀당 닭가슴살칩,2500,2981,https://dshop.dietshin.com/goods/view.asp?g=13174
스키니피그 아이스크림,7900,61,https://dshop.dietshin.com/goods/view.asp?g=13843
아임웰 굿밸런스 라이트밀 곤약볶음밥 6종,2800,1854,https://dshop.dietshin.com/goods/view.asp?g=11843
[무료배송] 찐한 수제 그릭요거트,25500,15300,https://dshop.dietshin.com/goods/view.asp?g=11518
[닭신] 탱글탱글한 닭가슴살 소시지 (프랑크/매콤고추),1850,1326,https://dshop.dietshin.com/goods/view.asp?g=12833
[아임닭] 닭가슴살 42종 전제품 1+1 골라담기,3600,13062,https://dshop.dietshin.com/goods/view.asp?g=11106
식사대용 밥알찹쌀떡 5종,8900,78,https://dshop.dietshin.com/goods/view.asp?g=13809
코코넛워터 코코트리,15900,5231,https://dshop.dietshin.com/goods/view.asp?g=10708
[닭신] 닭가슴살 비엔나소시지,1500,1790,https://dshop.dietshin.com/goods/view.asp?g=13110
[무료배송] 성수동905 순살족발,17700,1499,https://dshop.dietshin.com/goods/view.asp?g=13630
성수동905 마늘간장치킨,3500,3410,https://dshop.dietshin.com/goods/view.asp?g=13419
크리스피 병아리콩,4900,3228,https://dshop.dietshin.com/goods/view.asp?g=12781
실온보관 포슬포슬 단호박,1900,38,https://dshop.dietshin.com/goods/view.asp?g=13817
아임웰 쫀득쫀득 곤약찰바 3종,1700,1097,https://dshop.dietshin.com/goods/view.asp?g=12817
성수동905 현미치킨카츠,3500,1718,https://dshop.dietshin.com/goods/view.asp?g=13499
다이어트쉐이크 마이바디 프로틴   20종,16700,2948,https://dshop.dietshin.com/goods/view.asp?g=11496
성수동제빵소 두유크림카스테라,3200,1347,https://dshop.dietshin.com/goods/view.asp?g=13566
[닭신] 투명피 만두 매콤 오징어,2500,1176,https://dshop.dietshin.com/goods/view.asp?g=13149
아임웰 고소한 콩칩,2700,1589,https://dshop.dietshin.com/goods/view.asp?g=12621
국민 분식 통밀당 만두 2종,2500,5277,https://dshop.dietshin.com/goods/view.asp?g=12604
[무료배송] 미주라 도너츠,15900,6794,https://dshop.dietshin.com/goods/view.asp?g=12641
[무료배송] 수제 통밀당 초코파이,13500,8574,https://dshop.dietshin.com/goods/view.asp?g=13123
달콤한 달짝 고구마 말랭이,1900,1658,https://dshop.dietshin.com/goods/view.asp?g=13099
성수동905 닭가슴살탕수육,3700,980,https://dshop.dietshin.com/goods/view.asp?g=13515
성수동905 순살 닭갈비,5220,495,https://dshop.dietshin.com/goods/view.asp?g=13676
달짝 아이스 군고구마,2300,1729,https://dshop.dietshin.com/goods/view.asp?g=12785
후이펑 스리라차 핫 칠리 소스,3900,2417,https://dshop.dietshin.com/goods/view.asp?g=12887
고단백 황태칩 델리황,2900,4220,https://dshop.dietshin.com/goods/view.asp?g=11954
아임웰 비건 단백질 초콜릿,2600,200,https://dshop.dietshin.com/goods/view.asp?g=13775
닭신 닭가슴살 두부볼,2000,563,https://dshop.dietshin.com/goods/view.asp?g=13593
1week 위줄이기 식단 플랜,56500,194,https://dshop.dietshin.com/goods/view.asp?g=13135
[아임닭] 한입 닭가슴살 큐브 6종,2350,1015,https://dshop.dietshin.com/goods/view.asp?g=11167
성수동905  치즈 뿌링 치킨,3800,485,https://dshop.dietshin.com/goods/view.asp?g=13672
[포켓샐러드] BEST 6팩 밀키트 샐러드 배달 도시락,20400,1196,https://dshop.dietshin.com/goods/view.asp?g=10820
아임닭 닭가슴살 소스퐁닭 4종,2700,97,https://dshop.dietshin.com/goods/view.asp?g=13774
매일두유 3종,13900,9827,https://dshop.dietshin.com/goods/view.asp?g=11197
[아임닭] 간편 한끼 닭가슴살 만두 3종,13300,540,https://dshop.dietshin.com/goods/view.asp?g=12468
스테비아 커피 믹스,9800,78,https://dshop.dietshin.com/goods/view.asp?g=13770
[닭신] 닭가슴살 현미볼,2300,1179,https://dshop.dietshin.com/goods/view.asp?g=13147
달짝고구마 쫀득바,990,1029,https://dshop.dietshin.com/goods/view.asp?g=13565
구워나온 달짝고구마칩,3000,2070,https://dshop.dietshin.com/goods/view.asp?g=12778
성수동905 닭가슴살 치즈볼,5500,585,https://dshop.dietshin.com/goods/view.asp?g=13587
에버슬림 발포다이어트,4800,2627,https://dshop.dietshin.com/goods/view.asp?g=10751
[허닭] 닭가슴살 함박스테이크 4종,1500,93,https://dshop.dietshin.com/goods/view.asp?g=13811
순호박워터 100%,9000,2636,https://dshop.dietshin.com/goods/view.asp?g=12749
저칼로리 밥알 한끼 곤약,900,2371,https://dshop.dietshin.com/goods/view.asp?g=11823
간편한 한끼식사 퀴스 프리미어,18900,708,https://dshop.dietshin.com/goods/view.asp?g=11844
[허닭] 속보이는 얇은피 닭가슴살 만두 2종,2500,31,https://dshop.dietshin.com/goods/view.asp?g=13810
크런치킨 닭가슴살칩 3종,2900,7780,https://dshop.dietshin.com/goods/view.asp?g=11811
제로칼로리 라인바싸 탄산수,12400,42,https://dshop.dietshin.com/goods/view.asp?g=13821
[허닭] 바삭한 김스낵 3종,2500,19,https://dshop.dietshin.com/goods/view.asp?g=13844
